"DESCRIPTION","DURATION IN MS","NAME","PARENT SUITE","START TIME","STATUS","STOP TIME","SUB SUITE","SUITE","TEST CLASS","TEST METHOD"
"","12374","userCantDepositAccountWithoutAmountTest()","","Sun Jun 07 13:03:11 UTC 2026","passed","Sun Jun 07 13:03:24 UTC 2026","","ui.iteration2.DepositAccountTest","ui.iteration2.DepositAccountTest","userCantDepositAccountWithoutAmountTest"
"Покрытие Swagger Coverage: 403 Forbidden для /transfer","1870","forbiddenTransferError()","","Sun Jun 07 13:05:21 UTC 2026","passed","Sun Jun 07 13:05:23 UTC 2026","","api.iteration2.MoneyTransferTest","api.iteration2.MoneyTransferTest","forbiddenTransferError"
"","5597","userCantChangeNameWithoutEnterNameTest()","","Sun Jun 07 13:03:33 UTC 2026","passed","Sun Jun 07 13:03:39 UTC 2026","","ui.iteration2.UpdateUserNameTest","ui.iteration2.UpdateUserNameTest","userCantChangeNameWithoutEnterNameTest"
"","2003","negativeTest(String, String, String) Негативные тесты","","Sun Jun 07 13:05:05 UTC 2026","passed","Sun Jun 07 13:05:07 UTC 2026","","api.iteration2.UpdateUserNameTest","api.iteration2.UpdateUserNameTest","negativeTest"
"","6024","userCanChangeNameTest()","","Sun Jun 07 13:03:39 UTC 2026","passed","Sun Jun 07 13:03:45 UTC 2026","","ui.iteration2.UpdateUserNameTest","ui.iteration2.UpdateUserNameTest","userCanChangeNameTest"
"","45","userCantLoginTest(String, String, String, String) Негативные тесты","","Sun Jun 07 13:05:46 UTC 2026","passed","Sun Jun 07 13:05:46 UTC 2026","","api.iteration1.LoginUserTest","api.iteration1.LoginUserTest","userCantLoginTest"
"","5992","tearDownBackendData()","","Sun Jun 07 13:04:09 UTC 2026","passed","Sun Jun 07 13:04:15 UTC 2026","","ui.zzz.ZZZDatabaseCleanupTest","ui.zzz.ZZZDatabaseCleanupTest","tearDownBackendData"
"","2451","userCanLoginWithCorrectDataTest()","","Sun Jun 07 13:04:00 UTC 2026","passed","Sun Jun 07 13:04:02 UTC 2026","","ui.iteration1.LoginUserTest","ui.iteration1.LoginUserTest","userCanLoginWithCorrectDataTest"
"","1954","negativeTest(String, String, String) Негативные тесты","","Sun Jun 07 13:04:52 UTC 2026","passed","Sun Jun 07 13:04:54 UTC 2026","","api.iteration2.UpdateUserNameTest","api.iteration2.UpdateUserNameTest","negativeTest"
"","4777","userCanCreateAccountTest()","","Sun Jun 07 13:04:04 UTC 2026","passed","Sun Jun 07 13:04:09 UTC 2026","","ui.iteration1.CreateAccountTest","ui.iteration1.CreateAccountTest","userCanCreateAccountTest"
"","3412","userCantDepositAccountWithoutAccountTest()","","Sun Jun 07 13:03:24 UTC 2026","passed","Sun Jun 07 13:03:27 UTC 2026","","ui.iteration2.DepositAccountTest","ui.iteration2.DepositAccountTest","userCantDepositAccountWithoutAccountTest"
"","1838","userCanDepositAccountTest()","","Sun Jun 07 13:04:38 UTC 2026","passed","Sun Jun 07 13:04:40 UTC 2026","","api.iteration2.DepositAccountTest","api.iteration2.DepositAccountTest","userCanDepositAccountTest"
"","1415","userCanCreateAccountTest()","","Sun Jun 07 13:05:46 UTC 2026","passed","Sun Jun 07 13:05:48 UTC 2026","","api.iteration1.CreateAccountTest","api.iteration1.CreateAccountTest","userCanCreateAccountTest"
"","1917","negativeTest(String, String, String) Негативные тесты","","Sun Jun 07 13:04:59 UTC 2026","passed","Sun Jun 07 13:05:01 UTC 2026","","api.iteration2.UpdateUserNameTest","api.iteration2.UpdateUserNameTest","negativeTest"
"","2126","userCantLoginWithIvalidDataTest()","","Sun Jun 07 13:03:58 UTC 2026","passed","Sun Jun 07 13:04:00 UTC 2026","","ui.iteration1.LoginUserTest","ui.iteration1.LoginUserTest","userCantLoginWithIvalidDataTest"
"","3347","testTransferWithFraudCheckForbidden()","","Sun Jun 07 13:04:28 UTC 2026","passed","Sun Jun 07 13:04:31 UTC 2026","","api.TransferWithFraudCheckTest","api.TransferWithFraudCheckTest","testTransferWithFraudCheckForbidden"
"","1427","userCantDepositToNonExistAccount()","","Sun Jun 07 13:04:31 UTC 2026","passed","Sun Jun 07 13:04:33 UTC 2026","","api.iteration2.DepositAccountTest","api.iteration2.DepositAccountTest","userCantDepositToNonExistAccount"
"","2883","userCantDepositToDiffAccount()","","Sun Jun 07 13:04:35 UTC 2026","passed","Sun Jun 07 13:04:38 UTC 2026","","api.iteration2.DepositAccountTest","api.iteration2.DepositAccountTest","userCantDepositToDiffAccount"
"","2349","negativeTest(String, String, String) Негативные тесты","","Sun Jun 07 13:05:03 UTC 2026","passed","Sun Jun 07 13:05:05 UTC 2026","","api.iteration2.UpdateUserNameTest","api.iteration2.UpdateUserNameTest","negativeTest"
"","2036","userCanDepositMaxSumAccountTest()","","Sun Jun 07 13:04:33 UTC 2026","passed","Sun Jun 07 13:04:35 UTC 2026","","api.iteration2.DepositAccountTest","api.iteration2.DepositAccountTest","userCanDepositMaxSumAccountTest"
"","1994","negativeTest(String, String, String) Негативные тесты","","Sun Jun 07 13:04:50 UTC 2026","passed","Sun Jun 07 13:04:52 UTC 2026","","api.iteration2.UpdateUserNameTest","api.iteration2.UpdateUserNameTest","negativeTest"
"","4723","userCanTransferMoneyYourselfTest()","","Sun Jun 07 13:05:12 UTC 2026","passed","Sun Jun 07 13:05:17 UTC 2026","","api.iteration2.MoneyTransferTest","api.iteration2.MoneyTransferTest","userCanTransferMoneyYourselfTest"
"","3299","userCanTransferMinSumTest()","","Sun Jun 07 13:05:37 UTC 2026","passed","Sun Jun 07 13:05:40 UTC 2026","","api.iteration2.MoneyTransferTest","api.iteration2.MoneyTransferTest","userCanTransferMinSumTest"
"","1859","userCantDepositAccountTest(Double, String, String) Негативные тесты","","Sun Jun 07 13:04:44 UTC 2026","passed","Sun Jun 07 13:04:46 UTC 2026","","api.iteration2.DepositAccountTest","api.iteration2.DepositAccountTest","userCantDepositAccountTest"
"","302","adminCantCreateUserTest(String, String, String, String, String) Негативные тесты","","Sun Jun 07 13:05:41 UTC 2026","passed","Sun Jun 07 13:05:41 UTC 2026","","api.iteration1.CreateUserTest","api.iteration1.CreateUserTest","adminCantCreateUserTest"
"","303","adminCantCreateUserTest(String, String, String, String, String) Негативные тесты","","Sun Jun 07 13:05:40 UTC 2026","passed","Sun Jun 07 13:05:41 UTC 2026","","api.iteration1.CreateUserTest","api.iteration1.CreateUserTest","adminCantCreateUserTest"
"Покрытие Swagger Coverage: 401 Unauthorized для customer/accounts","35","unauthorizedCustomerAccountsError()","","Sun Jun 07 13:05:46 UTC 2026","passed","Sun Jun 07 13:05:46 UTC 2026","","api.iteration1.CreateAccountTest","api.iteration1.CreateAccountTest","unauthorizedCustomerAccountsError"
"","3497","userCantTransferWithInvalidAmountTest(Double, String, String) Негативные тесты","","Sun Jun 07 13:05:27 UTC 2026","passed","Sun Jun 07 13:05:31 UTC 2026","","api.iteration2.MoneyTransferTest","api.iteration2.MoneyTransferTest","userCantTransferWithInvalidAmountTest"
"","3813","testTransferWithFraudotricCheck()","","Sun Jun 07 13:04:20 UTC 2026","passed","Sun Jun 07 13:04:24 UTC 2026","","api.TransferWithFraudCheckTest","api.TransferWithFraudCheckTest","testTransferWithFraudotricCheck"
"","5663","userCanDepositAccountTest()","","Sun Jun 07 13:03:27 UTC 2026","passed","Sun Jun 07 13:03:33 UTC 2026","","ui.iteration2.DepositAccountTest","ui.iteration2.DepositAccountTest","userCanDepositAccountTest"
"","4104","userCantTransferWithInvalidAmountTest(Double, String, String) Негативные тесты","","Sun Jun 07 13:05:23 UTC 2026","passed","Sun Jun 07 13:05:27 UTC 2026","","api.iteration2.MoneyTransferTest","api.iteration2.MoneyTransferTest","userCantTransferWithInvalidAmountTest"
"","303","adminCantCreateUserTest(String, String, String, String, String) Негативные тесты","","Sun Jun 07 13:05:41 UTC 2026","passed","Sun Jun 07 13:05:41 UTC 2026","","api.iteration1.CreateUserTest","api.iteration1.CreateUserTest","adminCantCreateUserTest"
"","41","userCantLoginTest(String, String, String, String) Негативные тесты","","Sun Jun 07 13:05:46 UTC 2026","passed","Sun Jun 07 13:05:46 UTC 2026","","api.iteration1.LoginUserTest","api.iteration1.LoginUserTest","userCantLoginTest"
"","3047","userCantTransferWithInvalidAmountTest(Double, String, String) Негативные тесты","","Sun Jun 07 13:05:34 UTC 2026","passed","Sun Jun 07 13:05:37 UTC 2026","","api.iteration2.MoneyTransferTest","api.iteration2.MoneyTransferTest","userCantTransferWithInvalidAmountTest"
"","4491","adminCanCreateUserTest()","","Sun Jun 07 13:03:53 UTC 2026","passed","Sun Jun 07 13:03:58 UTC 2026","","ui.iteration1.CreateUserTest","ui.iteration1.CreateUserTest","adminCanCreateUserTest"
"Покрытие Swagger Coverage: 401 Unauthorized для GET /accounts","182","unauthorizedAccountsError()","","Sun Jun 07 13:05:46 UTC 2026","passed","Sun Jun 07 13:05:46 UTC 2026","","api.iteration1.CreateAccountTest","api.iteration1.CreateAccountTest","unauthorizedAccountsError"
"","3955","testTransferWithFraudCheckUnathorized()","","Sun Jun 07 13:04:24 UTC 2026","passed","Sun Jun 07 13:04:28 UTC 2026","","api.TransferWithFraudCheckTest","api.TransferWithFraudCheckTest","testTransferWithFraudCheckUnathorized"
"","857","userCanLoginTest()","","Sun Jun 07 13:05:45 UTC 2026","passed","Sun Jun 07 13:05:46 UTC 2026","","api.iteration1.LoginUserTest","api.iteration1.LoginUserTest","userCanLoginTest"
"","4744","userCantChangeNameWithOneWordTest()","","Sun Jun 07 13:03:45 UTC 2026","passed","Sun Jun 07 13:03:49 UTC 2026","","ui.iteration2.UpdateUserNameTest","ui.iteration2.UpdateUserNameTest","userCantChangeNameWithOneWordTest"
"","2918","userCantTransferWithInvalidAmountTest(Double, String, String) Негативные тесты","","Sun Jun 07 13:05:31 UTC 2026","passed","Sun Jun 07 13:05:34 UTC 2026","","api.iteration2.MoneyTransferTest","api.iteration2.MoneyTransferTest","userCantTransferWithInvalidAmountTest"
"","39","userCantLoginTest(String, String, String, String) Негативные тесты","","Sun Jun 07 13:05:46 UTC 2026","passed","Sun Jun 07 13:05:46 UTC 2026","","api.iteration1.LoginUserTest","api.iteration1.LoginUserTest","userCantLoginTest"
"Покрытие Swagger Coverage: 401 Unauthorized для GET /users","41","unauthorizedGetUsersError()","","Sun Jun 07 13:05:40 UTC 2026","passed","Sun Jun 07 13:05:40 UTC 2026","","api.iteration1.CreateUserTest","api.iteration1.CreateUserTest","unauthorizedGetUsersError"
"","2580","negativeTest(String, String, String) Негативные тесты","","Sun Jun 07 13:04:57 UTC 2026","passed","Sun Jun 07 13:04:59 UTC 2026","","api.iteration2.UpdateUserNameTest","api.iteration2.UpdateUserNameTest","negativeTest"
"Покрытие Swagger Coverage: 401 Unauthorized для /transfer","63","unauthorizedTransferError()","","Sun Jun 07 13:05:17 UTC 2026","passed","Sun Jun 07 13:05:17 UTC 2026","","api.iteration2.MoneyTransferTest","api.iteration2.MoneyTransferTest","unauthorizedTransferError"
"","2118","userCantDepositAccountTest(Double, String, String) Негативные тесты","","Sun Jun 07 13:04:42 UTC 2026","passed","Sun Jun 07 13:04:44 UTC 2026","","api.iteration2.DepositAccountTest","api.iteration2.DepositAccountTest","userCantDepositAccountTest"
"","3805","adminCannotCreateUserWithInvalidData()","","Sun Jun 07 13:03:49 UTC 2026","passed","Sun Jun 07 13:03:53 UTC 2026","","ui.iteration1.CreateUserTest","ui.iteration1.CreateUserTest","adminCannotCreateUserWithInvalidData"
"","4342","userCanTransferMaxSumTest()","","Sun Jun 07 13:05:17 UTC 2026","passed","Sun Jun 07 13:05:21 UTC 2026","","api.iteration2.MoneyTransferTest","api.iteration2.MoneyTransferTest","userCanTransferMaxSumTest"
"","2745","negativeTest(String, String, String) Негативные тесты","","Sun Jun 07 13:04:54 UTC 2026","passed","Sun Jun 07 13:04:57 UTC 2026","","api.iteration2.UpdateUserNameTest","api.iteration2.UpdateUserNameTest","negativeTest"
"Покрытие Swagger Coverage: 401 Unauthorized для POST /accounts","24","unauthorizedPostAccountsError()","","Sun Jun 07 13:05:46 UTC 2026","passed","Sun Jun 07 13:05:46 UTC 2026","","api.iteration1.CreateAccountTest","api.iteration1.CreateAccountTest","unauthorizedPostAccountsError"
"","1826","userCantDepositAccountTest(Double, String, String) Негативные тесты","","Sun Jun 07 13:04:46 UTC 2026","passed","Sun Jun 07 13:04:47 UTC 2026","","api.iteration2.DepositAccountTest","api.iteration2.DepositAccountTest","userCantDepositAccountTest"
"","1913","adminCanLoginWithCorrectDataTest()","","Sun Jun 07 13:04:02 UTC 2026","passed","Sun Jun 07 13:04:04 UTC 2026","","ui.iteration1.LoginUserTest","ui.iteration1.LoginUserTest","adminCanLoginWithCorrectDataTest"
"","4853","userCanTransferMoneyDifferentUserTest()","","Sun Jun 07 13:05:07 UTC 2026","passed","Sun Jun 07 13:05:12 UTC 2026","","api.iteration2.MoneyTransferTest","api.iteration2.MoneyTransferTest","userCanTransferMoneyDifferentUserTest"
"","1896","negativeTest(String, String, String) Негативные тесты","","Sun Jun 07 13:05:01 UTC 2026","passed","Sun Jun 07 13:05:03 UTC 2026","","api.iteration2.UpdateUserNameTest","api.iteration2.UpdateUserNameTest","negativeTest"
"","5373","testTransferWithFraudCheck()","","Sun Jun 07 13:04:15 UTC 2026","passed","Sun Jun 07 13:04:20 UTC 2026","","api.TransferWithFraudCheckTest","api.TransferWithFraudCheckTest","testTransferWithFraudCheck"
"Покрытие Swagger Coverage: 401 Unauthorized для POST /users","23","unauthorizedPostUsersError()","","Sun Jun 07 13:05:42 UTC 2026","passed","Sun Jun 07 13:05:42 UTC 2026","","api.iteration1.CreateUserTest","api.iteration1.CreateUserTest","unauthorizedPostUsersError"
"","359","adminCantCreateUserTest(String, String, String, String, String) Негативные тесты","","Sun Jun 07 13:05:40 UTC 2026","passed","Sun Jun 07 13:05:40 UTC 2026","","api.iteration1.CreateUserTest","api.iteration1.CreateUserTest","adminCantCreateUserTest"
"","971","adminCanCreateUserTest()","","Sun Jun 07 13:05:44 UTC 2026","passed","Sun Jun 07 13:05:45 UTC 2026","","api.iteration1.CreateUserTest","api.iteration1.CreateUserTest","adminCanCreateUserTest"
"","299","adminCantCreateUserTest(String, String, String, String, String) Негативные тесты","","Sun Jun 07 13:05:41 UTC 2026","passed","Sun Jun 07 13:05:42 UTC 2026","","api.iteration1.CreateUserTest","api.iteration1.CreateUserTest","adminCantCreateUserTest"
"Покрытие Swagger Coverage: 401 Unauthorized для /deposit","46","unauthorizedDepositError()","","Sun Jun 07 13:04:38 UTC 2026","passed","Sun Jun 07 13:04:38 UTC 2026","","api.iteration2.DepositAccountTest","api.iteration2.DepositAccountTest","unauthorizedDepositError"
"","1884","userCanDepositMinSumAccountTest()","","Sun Jun 07 13:04:40 UTC 2026","passed","Sun Jun 07 13:04:42 UTC 2026","","api.iteration2.DepositAccountTest","api.iteration2.DepositAccountTest","userCanDepositMinSumAccountTest"
"","40","userCantLoginTest(String, String, String, String) Негативные тесты","","Sun Jun 07 13:05:46 UTC 2026","passed","Sun Jun 07 13:05:46 UTC 2026","","api.iteration1.LoginUserTest","api.iteration1.LoginUserTest","userCantLoginTest"
"","2419","userCanChangeNameTest()","","Sun Jun 07 13:04:47 UTC 2026","passed","Sun Jun 07 13:04:50 UTC 2026","","api.iteration2.UpdateUserNameTest","api.iteration2.UpdateUserNameTest","userCanChangeNameTest"
"Покрытие Swagger Coverage: 403 Unauthorized для GET /users","1106","forbiddenGetUsersError()","","Sun Jun 07 13:05:42 UTC 2026","passed","Sun Jun 07 13:05:43 UTC 2026","","api.iteration1.CreateUserTest","api.iteration1.CreateUserTest","forbiddenGetUsersError"
"Покрытие Swagger Coverage: 403 Unauthorized для POST /users","1088","forbiddenPostUsersError()","","Sun Jun 07 13:05:43 UTC 2026","passed","Sun Jun 07 13:05:44 UTC 2026","","api.iteration1.CreateUserTest","api.iteration1.CreateUserTest","forbiddenPostUsersError"
